,DP,EI,EPI,Economy,FE,FSI,GDP,GDPpc,GG,HFBD,HR,LandArea,PS,Pop,PopDensity,PopGrowthRate,RI,SA,SDGI,SL,country
0,9.3,9.7,37.74,8.3,8.6,107.3,60.28705023,1739.583177,8.4,8.2,8.5,652860.0,9.9,34.656032,53.08340532,2.689163473,9.8,10.0,46.8,9.1,Afghanistan
1,3.7,6.7,65.46,5.4,6.2,60.5,32.66991645,11359.09916,4.5,7.6,4.8,27400.0,4.0,2.876101,104.9671898,-0.159880412,3.6,4.7,68.9,5.7,Albania
2,5.2,4.9,57.18,6.6,7.1,76.8,565.284,13921.17608,7.1,5.8,6.6,2381741.0,6.0,40.606052,17.04889491,1.825463432,6.8,7.2,68.8,6.9,Algeria
3,9.5,5.4,37.44,6.4,7.2,91.1,172.438,5984.632947,7.5,6.6,7.3,1246700.0,9.1,28.813463,23.11178551,3.367572131,7.1,6.5,50.2,8.6,Angola
4,3.8,4.6,59.3,4.3,2.8,48.2,810.714,18489.43028,5.0,3.0,4.1,2736690.0,3.8,43.84743,16.0220668,0.984741906,2.3,4.3,72.5,4.8,Argentina
5,3.1,6.7,62.07,6.3,7.4,71.0,23.95494292,8190.239289,6.1,6.2,7.0,28470.0,3.6,2.924816,102.7332631,0.269302288,7.0,5.5,71.7,7.6,Armenia
6,1.3,1.0,74.12,1.7,1.7,22.3,1071.58,44413.84914,3.9,1.3,2.3,7682300.0,1.5,24.127159,3.140616612,1.410063834,2.3,2.1,75.9,1.0,Australia
7,1.9,1.2,78.97,2.2,3.2,27.7,388.015,44357.965,4.5,1.5,1.2,82523.0,1.1,8.747358,105.9990306,1.314006681,5.6,1.0,81.4,1.4,Austria
8,4.6,6.4,62.33,4.1,7.9,76.3,156.138,15994.01943,6.5,4.3,8.5,82663.0,5.4,9.762274,118.0972624,1.163574223,7.7,6.2,70.8,8.8,Azerbaijan
9,4.1,4.8,55.15,3.8,7.6,64.9,64.33731963,45143.579,8.4,3.5,8.8,771.0,1.8,1.425171,1848.470817,3.812796793,2.4,6.9,64.6,8.2,Bahrain
10,7.5,5.8,29.56,5.8,9.3,89.1,540.894,3319.354537,8.7,7.8,7.4,130170.0,8.1,162.95156,1251.836521,1.080165239,6.6,7.6,56.2,7.8,Bangladesh
11,4.4,6.0,55.76,5.9,4.2,49.6,4.773832887,16750.52593,4.1,5.4,2.9,430.0,2.7,0.284996,662.7813953,0.273711418,2.5,4.4,66.0,2.5,Barbados
12,5.1,7.3,64.98,6.0,8.3,72.4,159.171,16742.2942,7.1,3.4,7.9,202910.0,4.2,9.50712,46.8538761,0.184284342,3.6,6.1,77.1,8.7,Belarus
13,2.0,1.0,77.38,4.2,4.4,30.8,477.288,42058.62819,4.9,1.6,1.5,30280.0,2.3,11.348159,374.7740753,0.653895349,2.4,2.4,80.0,1.4,Belgium
14,5.1,7.5,57.79,6.7,4.3,65.5,2.879126894,7846.015833,4.1,6.6,4.7,22810.0,5.9,0.366954,16.0874178,2.111220431,3.6,6.4,66.0,5.2,Belize
15,8.3,6.6,38.17,6.6,6.7,77.6,21.85289913,2009.961384,3.4,7.4,5.2,112760.0,8.7,10.872298,96.41981199,2.763534181,5.5,6.2,49.5,5.4,Benin
16,6.1,8.0,47.22,4.7,7.5,76.0,6.584188915,8253.293783,7.9,7.2,6.6,38117.0,6.1,0.797765,20.92937534,1.309546955,7.0,4.5,65.5,4.3,Bhutan
17,6.3,5.8,55.98,5.4,8.0,76.8,73.03543539,6707.956184,6.0,7.0,6.0,1083300.0,6.8,10.887882,10.05066187,1.510046906,3.9,6.5,64.7,6.5,Bolivia
18,3.8,8.2,41.84,5.7,8.7,73.0,39.8364244,11327.41218,7.0,5.5,5.6,51200.0,3.6,3.516816,68.6878125,-0.54290805,7.6,5.7,65.5,6.5,Bosnia and Herzegovina
19,8.2,4.1,51.7,5.8,3.3,63.8,35.38137144,15723.23707,4.9,5.5,5.0,566730.0,7.3,2.25026,3.970603286,1.841666401,4.5,4.1,58.3,3.3,Botswana
20,8.1,3.3,60.7,4.8,4.9,68.2,2912.06,14023.69286,6.2,4.6,6.4,8358140.0,6.4,207.652865,24.84438703,0.817555711,2.8,6.7,69.5,6.2,Brazil
21,3.7,4.3,67.85,5.7,5.3,53.7,126.835,17794.3557,5.1,4.2,3.3,108560.0,4.4,7.127822,65.65790346,-0.701382098,4.5,4.3,72.5,4.5,Bulgaria
22,9.3,7.5,42.83,6.3,7.8,88.0,30.62090813,1642.185834,4.5,7.5,6.1,273600.0,8.7,18.646433,68.1521674,2.915614034,6.6,8.4,49.9,7.1,Burkina Faso
23,9.3,9.0,27.43,8.0,8.2,98.9,7.589746511,721.1765615,7.9,6.3,8.8,25680.0,8.0,10.524117,409.8176402,3.135333146,8.6,8.8,51.8,8.8,Burundi
24,7.0,7.4,43.23,5.7,8.3,85.7,54.61859125,3465.125565,6.9,7.6,7.7,176520.0,7.8,15.76237,89.29509404,1.564833471,5.7,6.7,58.2,8.3,Cambodia
25,8.1,7.8,40.81,6.6,9.1,95.6,78.44669479,3346.817793,8.3,7.6,7.5,472710.0,8.7,23.439189,49.58471156,2.613585149,8.0,7.9,52.8,8.4,Cameroon
26,1.9,1.0,72.18,1.8,2.5,22.6,1563.5,43087.73873,3.4,1.7,1.3,9093510.0,1.5,36.286425,3.990365107,1.213891076,1.8,2.2,78.0,1.0,Canada
27,9.0,9.8,36.42,9.1,9.7,112.6,2.976765097,647.8804448,9.1,7.5,9.7,622980.0,10.0,4.594621,7.375230344,1.06165489,10.0,9.0,36.7,9.7,Central African Republic
28,10.0,8.3,45.34,8.5,9.8,109.4,26.67816128,1845.914679,8.0,8.8,9.1,1259200.0,9.7,14.452543,11.47755956,3.114092441,9.6,9.4,41.5,9.1,Chad
29,4.9,2.1,57.49,3.2,2.2,41.1,406.672,22706.73288,3.6,3.8,3.0,743532.0,4.0,17.909754,24.08740175,0.824579726,2.1,3.2,71.6,3.3,Chile
30,6.7,2.7,50.74,4.4,7.2,74.7,19852.0,14399.43714,7.9,4.9,8.5,9388211.0,5.7,1378.665,146.850662,0.541478512,4.9,5.9,67.1,8.6,China
31,6.2,6.0,65.22,4.2,7.6,78.9,638.543,13124.31918,7.3,6.2,7.0,1109500.0,5.9,48.653419,43.85166201,0.876786632,7.7,6.9,64.8,6.3,Colombia
32,3.3,4.1,67.85,4.0,3.8,44.1,74.8092691,15401.4925,4.2,4.1,1.5,51060.0,3.9,4.857274,95.12875049,1.022696047,3.9,3.6,69.8,2.4,Costa Rica
33,8.2,9.2,45.25,6.6,9.1,96.5,81.15293531,3424.76421,8.1,7.3,7.9,318000.0,8.7,23.695919,74.51546855,2.510353568,7.8,7.7,53.3,7.9,Cote d'Ivoire
34,3.1,4.6,65.45,5.3,4.4,50.6,89.86469266,21547.18569,5.8,4.7,3.6,55960.0,2.4,4.1706,74.52823445,-0.788234222,7.0,3.5,76.9,2.9,Croatia
35,5.5,5.1,63.42,4.0,7.0,64.6,239.3704429,20858.38431,4.0,5.2,7.5,104020.0,4.1,11.475982,110.3247645,0.126866978,4.0,5.2,75.5,7.6,Cuba
36,3.5,9.0,72.6,6.0,7.9,62.6,26.68059236,22801.48903,6.3,4.0,3.0,9240.0,2.5,1.170125,126.6369048,0.784179797,5.3,4.4,70.6,4.8,Cyprus
37,1.4,2.7,67.68,4.6,5.0,40.1,331.137,31352.82205,4.8,2.8,2.4,77210.0,2.6,10.561633,136.7909986,0.147567084,3.8,2.6,81.9,4.7,Czech Republic
38,2.0,1.0,81.6,2.0,1.4,21.5,263.438,45966.24952,4.4,1.9,1.5,42262.0,1.0,5.731118,135.6092471,0.834637611,2.1,1.7,84.2,0.9,Denmark
39,8.4,8.7,40.04,7.0,7.3,88.9,3.178944562,3373.483218,6.5,5.4,7.8,23180.0,7.9,0.942333,40.65284728,1.595864748,7.3,6.5,49.6,8.2,Djibouti
40,6.5,5.4,64.71,5.5,6.2,69.0,150.136,14098.87752,5.8,7.1,5.8,48310.0,6.3,10.648791,220.4262265,1.137056669,3.3,5.8,67.2,5.5,Dominican Republic
41,6.5,6.3,57.42,6.0,8.2,77.3,170.802,10424.24725,7.3,5.8,5.0,248360.0,6.5,16.385068,65.97305524,1.479917408,5.7,6.8,69.0,6.5,Ecuador
42,7.1,7.9,61.21,8.2,8.8,89.8,987.436,10319.25605,8.8,4.7,9.8,995450.0,4.9,95.688681,96.12605455,2.016789456,7.3,8.1,64.9,8.2,Egypt
43,6.9,5.9,53.91,5.4,4.3,73.1,50.69431137,7989.997256,6.7,7.9,6.3,20720.0,6.4,6.344722,306.2124517,0.509497673,4.8,7.3,62.9,4.8,El Salvador
44,2.8,4.3,64.31,3.5,5.9,44.7,36.98661617,28095.06265,7.3,4.0,1.7,42390.0,2.9,1.316481,31.05640481,0.08161442,3.1,3.3,78.6,2.7,Estonia
45,9.8,8.7,44.78,7.0,8.7,101.1,164.694,1608.289648,9.1,7.6,9.0,1000000.0,8.8,102.403196,102.403196,2.501821378,9.3,8.4,53.5,8.2,Ethiopia
46,1.1,1.0,78.64,3.5,1.1,18.7,217.183,39523.05838,1.8,2.3,1.0,303890.0,1.0,5.495096,18.0825167,0.283654477,2.3,1.7,84.0,0.9,Finland
47,2.8,1.8,83.95,4.3,1.9,33.5,2545.99,38058.86528,7.0,2.2,2.1,547557.0,1.1,66.896109,122.1719547,0.407491036,2.5,3.3,80.3,1.3,France
48,6.7,5.7,45.05,5.5,7.4,73.8,33.23268922,16786.00072,3.8,6.1,7.5,257670.0,6.7,1.979786,7.683416773,2.537808568,4.5,5.2,65.1,8.2,Gabon
49,8.3,7.0,42.42,8.4,7.8,89.4,3.169632857,1554.884132,3.8,8.3,9.4,10120.0,7.8,2.038501,201.4329051,3.03358022,6.8,6.3,47.8,8.6,Gambia
50,3.7,7.4,55.69,5.5,9.1,76.5,34.50307669,9276.766243,7.9,4.9,5.6,69490.0,4.3,3.7193,64.96028552,0.059168417,7.5,6.8,68.6,8.3,Georgia
51,2.0,1.0,78.37,2.2,2.3,28.1,3658.9,44260.34187,5.0,2.1,1.1,348900.0,1.1,82.667685,236.9380482,1.193866758,5.4,2.1,81.7,1.0,Germany
52,6.6,6.7,49.66,6.1,5.2,69.7,112.268,3980.185153,4.4,8.2,5.1,227540.0,7.8,28.206728,123.9638217,2.236737965,5.0,3.8,59.9,4.2,Ghana
53,3.7,6.1,73.6,6.5,4.1,57.5,260.905,24277.59488,5.4,3.3,3.2,128900.0,3.8,10.74674,83.37269201,-0.687542545,6.5,4.5,72.9,6.7,Greece
54,7.0,5.2,52.33,5.5,7.1,83.1,122.159,7366.755819,8.5,7.3,7.2,107160.0,7.5,16.582469,154.7449515,2.010367845,5.6,7.6,58.3,6.5,Guatemala
55,8.7,7.4,46.62,9.2,9.6,102.4,22.60196905,1823.338788,8.6,7.4,7.7,245720.0,9.5,12.395924,50.44735471,2.48622533,8.2,8.8,48.8,9.6,Guinea
56,5.8,7.3,47.93,6.0,5.1,71.3,5.619078875,7266.335285,6.7,9.4,3.5,196850.0,6.2,0.773303,3.928387097,0.621217097,3.8,6.4,64.7,5.4,Guyana
57,9.5,10.0,33.74,8.7,9.6,105.3,17.94107659,1653.961848,6.5,8.8,7.6,27560.0,9.7,10.847334,393.5897678,1.264238966,7.7,7.7,44.1,9.7,Haiti
58,6.3,7.5,51.51,6.4,6.8,79.1,40.0261354,4392.265947,5.9,6.4,6.9,111890.0,6.8,9.112867,81.44487443,1.682462584,4.3,7.3,61.7,6.8,Honduras
59,1.8,3.9,65.01,5.4,5.3,52.0,251.868,25653.80703,4.8,3.3,5.2,90530.0,3.2,9.817958,108.4497736,-0.255022953,6.5,2.7,78.0,6.1,Hungary
60,1.6,4.1,78.57,3.3,1.8,22.5,15.13374348,45276.44855,1.3,2.8,1.0,100250.0,1.2,0.334252,3.334184539,1.033589277,2.0,1.0,79.3,1.3,Iceland
61,7.9,5.4,30.57,5.1,7.3,77.9,8067.71,6092.648037,8.3,6.1,6.0,2973190.0,7.4,1324.171354,445.3705797,1.148214693,5.3,7.4,58.1,4.7,India
62,6.6,5.2,46.92,4.5,7.0,72.9,2810.79,10764.54854,7.1,6.9,7.2,1811570.0,5.9,261.115456,144.1376574,1.137493711,5.4,6.2,62.9,5.1,Indonesia
63,4.9,6.5,58.16,6.4,9.6,85.8,1484.95,18497.72766,9.3,6.5,9.5,1628760.0,4.5,80.277428,49.28745058,1.1487886,6.5,7.5,64.7,9.0,Iran
64,8.6,9.7,43.2,6.6,9.6,105.4,598.475,16086.92539,9.6,7.7,8.7,434320.0,8.2,37.202572,85.65705471,2.965163696,9.9,10.0,56.6,9.5,Iraq
65,1.7,1.4,78.77,3.4,1.5,22.3,300.666,62991.83234,1.4,2.8,1.4,68890.0,1.4,4.773095,69.28574539,2.037334235,2.0,2.1,77.9,1.0,Ireland
66,4.3,2.5,76.96,5.4,4.9,45.2,2103.77,34715.33858,4.8,2.0,2.0,294140.0,2.7,60.60059,206.026348,-0.214276426,5.5,4.5,75.5,3.7,Italy
67,5.2,5.8,58.58,6.9,3.7,65.2,23.56838997,8179.62034,3.4,8.4,5.5,10830.0,6.4,2.881355,266.0530933,0.327499919,3.1,6.9,66.6,4.8,Jamaica
68,6.0,3.8,74.69,4.1,2.6,37.4,4857.83,38252.2832,3.7,3.2,3.0,364560.0,2.2,126.994511,348.350096,-0.115284177,4.4,1.6,80.2,1.2,Japan
69,6.5,7.6,62.2,6.4,6.9,78.7,79.33043971,8389.604574,8.0,4.2,7.9,88780.0,4.2,9.455802,106.5082451,3.185854645,9.6,5.7,66.0,6.3,Jordan
70,4.5,4.2,54.56,6.4,7.6,65.9,417.217,23443.06624,7.6,3.6,7.3,2699700.0,4.0,17.797032,6.592225803,1.431250879,3.0,5.2,71.1,8.3,Kazakhstan
71,8.9,8.1,47.25,6.9,8.9,96.4,141.779,2925.59669,8.9,7.6,7.0,569140.0,8.0,48.461567,85.14876305,2.560925398,8.3,8.3,54.9,7.6,Kenya
72,5.0,4.8,62.28,3.0,7.8,58.5,279.068,68861.74352,4.7,3.6,7.9,17820.0,2.6,4.052584,227.4177329,2.924206194,3.5,4.2,62.4,7.2,Kuwait
73,7.3,6.1,42.94,5.2,8.3,82.4,38.75592581,5734.522274,6.6,7.7,7.9,230800.0,7.0,6.758353,29.28229203,1.406426845,5.1,5.5,61.4,9.1,Laos
74,2.9,3.9,66.12,3.5,4.3,46.4,46.49657079,23717.60945,8.0,4.8,2.8,62180.0,2.9,1.960424,31.52820843,-0.868629779,2.8,3.0,75.2,3.4,Latvia
75,5.6,9.1,61.08,6.4,9.3,88.2,79.69578445,13267.8857,8.5,5.0,7.4,10230.0,5.7,6.006668,587.1620723,2.617573568,9.3,8.7,64.9,7.6,Lebanon
76,8.5,7.8,33.78,8.1,7.3,81.7,6.03043638,2736.354895,3.9,8.0,5.0,30360.0,8.1,2.203821,72.58962451,1.332723919,4.8,6.2,53.0,5.9,Lesotho
77,9.0,9.3,41.62,8.1,8.3,93.8,3.476780367,753.557379,5.8,7.2,6.5,96320.0,9.3,4.613823,47.9009863,2.50636265,8.7,6.4,42.8,6.8,Liberia
78,2.8,4.0,69.33,4.5,3.0,41.7,80.14887985,27904.09625,4.4,4.4,2.5,62650.0,3.5,2.872298,45.84673583,-1.129000251,2.3,3.1,73.6,2.7,Lithuania
79,1.6,1.1,79.12,1.2,3.4,23.4,55.24532687,94764.97477,3.1,2.1,1.0,2590.0,2.1,0.582972,225.0857143,2.319777521,3.5,1.7,75.0,1.0,Luxembourg
80,3.3,6.0,61.06,5.8,7.3,66.1,27.16968015,13054.77697,6.9,5.2,3.8,25220.0,3.9,2.081206,82.522046,0.091238733,7.3,5.6,69.4,5.8,Macedonia
81,9.1,6.8,33.73,7.6,7.8,84.0,34.76946297,1396.669615,4.1,6.7,5.6,581800.0,9.1,24.894551,42.78884668,2.688870712,3.9,7.1,43.5,7.1,Madagascar
82,9.7,8.2,49.21,8.4,8.1,88.0,19.60767469,1083.801421,5.6,7.9,6.2,94280.0,8.6,18.091575,191.8919707,2.904818605,5.8,4.8,48.0,6.4,Malawi
83,5.3,3.8,59.22,3.1,6.8,65.4,800.542,25668.87478,6.5,5.0,8.0,328550.0,4.2,31.187265,94.92395374,1.499323358,3.7,6.3,69.7,7.7,Malaysia
84,8.5,9.4,43.71,7.7,4.9,92.9,35.46934392,1971.08448,7.4,8.5,7.3,1220190.0,8.8,17.994837,14.74756964,2.971968633,7.9,9.0,48.5,6.1,Mali
85,2.5,3.3,80.9,4.0,2.0,38.6,15.61795686,35743.36671,3.9,3.7,3.0,320.0,2.0,0.436947,1365.459375,1.167802724,4.4,3.6,77.0,3.6,Malta
86,8.7,8.0,39.24,7.7,8.8,93.7,15.36444295,3572.28055,7.0,6.9,7.9,1030700.0,9.0,4.301018,4.172909673,2.798060125,8.0,6.9,51.1,8.0,Mauritania
87,3.6,4.7,56.63,4.0,3.2,41.7,24.72299486,19567.48966,3.6,4.4,3.4,2030.0,3.3,1.263473,622.4004926,0.068723138,2.7,2.3,62.1,3.0,Mauritius
88,6.1,5.5,59.69,4.9,5.4,74.3,2146.82,16832.4673,7.2,5.8,6.5,1943950.0,6.8,127.540423,65.60890095,1.301730941,5.1,8.4,69.1,6.5,Mexico
89,4.8,7.4,51.97,6.4,8.3,72.0,17.56228027,4944.335661,7.3,6.6,4.9,32870.0,4.9,3.552,123.5587139,-0.059329244,3.9,6.1,74.2,6.6,Moldova
90,5.1,7.1,57.51,5.0,5.5,56.7,34.39428811,11361.00642,3.8,3.3,4.5,1553560.0,5.4,3.027398,1.948684312,1.682874029,3.0,3.6,64.2,4.0,Mongolia
91,2.8,6.5,61.33,5.2,6.5,55.7,9.793141792,15724.8564,7.9,4.0,4.1,13450.0,3.1,0.622781,46.30342007,0.099924503,4.6,4.0,67.3,4.6,Montenegro
92,4.8,6.0,63.47,4.8,6.6,74.9,260.949,7397.187488,7.7,8.2,6.8,446300.0,5.2,35.276786,79.04276496,1.351228522,6.1,5.8,66.7,6.7,Morocco
93,9.9,8.0,46.37,8.0,6.6,89.0,32.52770083,1128.279294,5.4,8.0,5.6,786380.0,9.7,28.829476,36.6609985,2.881207724,5.8,6.7,49.2,6.5,Mozambique
94,6.8,7.3,45.32,5.9,8.3,95.7,280.559,5305.054684,9.7,6.4,8.9,653080.0,8.5,52.885223,80.9781696,0.914735351,8.7,8.9,59.5,8.6,Myanmar
95,7.6,6.4,58.46,6.8,3.5,70.4,24.43021954,9852.035111,5.8,7.1,3.8,823290.0,7.4,2.479713,3.01195569,2.207998983,5.0,5.5,59.3,3.3,Namibia
96,8.6,6.9,31.44,7.5,8.8,91.0,66.59233737,2297.652539,9.4,6.5,7.7,143350.0,7.2,28.982771,202.1818696,1.132886385,7.8,6.5,61.6,7.4,Nepal
97,2.5,1.2,75.46,2.7,3.1,27.4,805.017,47302.72068,4.5,2.6,1.0,33690.0,1.0,17.018408,505.1471653,0.4622438,3.8,1.5,79.9,1.3,Netherlands
98,2.1,1.2,75.96,3.6,1.4,22.6,165.518,35271.37895,3.6,2.1,1.0,263310.0,1.4,4.6927,17.82195891,2.088702607,1.8,1.2,77.6,0.9,New Zealand
99,5.3,7.3,55.04,5.7,7.1,77.4,31.59120583,5136.841574,6.5,8.1,5.2,120340.0,6.7,6.149928,51.10460362,1.110103051,4.0,5.6,63.1,7.9,Nicaragua
100,9.0,8.1,35.74,7.5,8.9,97.4,18.90476514,914.4670358,8.0,7.5,6.5,1266700.0,9.5,20.672987,16.32034973,3.826066467,7.9,8.7,44.8,7.3,Niger
101,9.1,6.5,54.76,8.0,9.6,101.6,1010.8,5434.71131,9.2,7.2,8.9,910770.0,9.2,185.98964,204.2114255,2.619033526,7.5,9.2,48.6,8.6,Nigeria
102,1.5,1.3,77.49,2.2,1.1,20.5,335.844,64178.97128,3.6,1.6,1.1,365245.0,1.0,5.232929,14.32717491,0.850589917,2.8,2.0,83.9,0.8,Norway
103,4.8,2.3,51.32,4.1,6.6,52.5,3.756071553,848.8753864,2.9,2.5,7.7,309500.0,3.5,4.424762,14.29648465,5.217720553,2.5,4.2,64.3,6.8,Oman
104,8.4,9.4,37.5,6.9,8.9,98.9,937.932,4854.633154,10.0,7.2,8.0,770880.0,7.7,193.203476,250.6271741,1.998562594,8.7,9.1,55.6,8.1,Pakistan
105,4.9,2.7,62.71,2.6,2.2,50.7,86.06768552,21334.93968,5.6,4.6,4.3,74340.0,4.8,4.034119,54.26579231,1.621103031,3.0,5.4,63.9,3.2,Panama
106,5.7,4.8,53.93,5.0,7.8,71.6,59.66275979,8871.37954,5.8,5.8,5.9,397300.0,6.2,6.725308,16.92753083,1.289844973,3.1,6.6,66.1,7.0,Paraguay
107,5.0,3.5,61.92,3.2,6.9,70.3,383.561,12071.59764,7.4,7.3,4.3,1280000.0,6.7,31.773839,24.82331172,1.257862325,4.3,7.1,66.0,7.2,Peru
108,7.5,6.4,57.65,5.5,8.0,84.4,747.673,7236.463352,7.9,6.5,6.6,298170.0,6.7,103.320222,346.5144783,1.564497131,6.9,9.7,64.3,7.0,Philippines
109,3.0,2.9,64.11,3.6,4.2,40.8,988.583,26050.97985,5.4,4.5,3.2,306190.0,2.3,37.948016,123.9361704,-0.101129367,3.6,1.8,75.8,3.3,Poland
110,2.1,2.8,71.91,5.3,2.5,29.0,279.847,27104.84686,2.5,2.2,1.8,91605.0,2.2,10.324611,112.7079417,-0.323604271,2.2,1.3,75.6,1.6,Portugal
111,3.8,2.7,67.8,2.1,5.0,44.0,303.769,118207.0695,4.6,2.6,6.3,11610.0,1.3,2.569804,221.3440138,3.495069918,2.0,2.6,63.1,6.3,Qatar
112,3.2,3.6,64.78,4.7,5.4,50.9,425.792,21607.99269,6.8,4.5,3.7,230080.0,3.8,19.705301,85.64543202,-0.557581505,2.8,3.0,74.1,5.2,Romania
113,4.6,5.7,63.79,5.2,8.1,79.2,3581.3,24811.14419,8.8,4.0,9.2,16376870.0,4.2,144.342396,8.813796287,0.170244546,5.8,8.9,68.9,8.5,Russia
114,8.0,7.5,43.68,6.0,8.0,90.8,21.13868558,1773.750484,9.4,7.4,7.2,24670.0,7.4,11.917508,483.0769355,2.445904867,8.3,6.2,55.0,7.1,Rwanda
115,5.3,4.7,57.47,4.5,8.2,71.2,1628.57,50458.10489,7.8,3.8,9.1,2149690.0,3.8,32.275687,15.01411227,2.251422474,4.7,6.3,62.7,8.0,Saudi Arabia
116,8.1,6.7,49.52,7.4,6.6,82.3,36.67118441,2379.451264,6.4,8.0,6.0,192530.0,7.5,15.411614,80.04785748,2.860609064,7.3,6.2,56.2,4.7,Senegal
117,4.3,6.2,57.49,6.4,8.0,70.0,96.84578427,13722.56349,7.3,5.3,4.4,87460.0,4.2,7.057412,80.69302538,-0.536587877,8.4,5.5,73.6,5.2,Serbia
118,9.0,7.9,42.54,8.6,7.8,89.3,10.12412009,1368.829098,6.2,8.5,5.3,72180.0,8.8,7.39619,102.4686894,2.175479241,7.7,4.3,47.1,6.9,Sierra Leone
119,2.5,1.2,64.23,2.0,4.0,32.5,456.676,81443.36571,2.6,3.3,4.6,709.0,1.3,5.607283,7908.720733,1.297436099,1.7,1.6,69.0,3.9,Singapore
120,2.3,2.3,67.57,3.8,1.7,32.4,61.80678355,29932.89256,4.5,3.1,1.5,20140.0,1.5,2.064845,102.524578,0.063656995,4.0,1.6,80.5,2.7,Slovenia
121,7.2,3.0,44.73,7.1,6.1,72.3,685.452,12260.16661,6.7,5.5,4.2,1213090.0,7.0,55.908865,46.08797781,1.617203497,5.4,6.1,61.2,6.5,South Africa
122,3.1,5.6,62.3,2.0,4.3,38.1,1792.87,34985.75988,2.9,3.9,2.9,97480.0,1.9,51.245707,525.7048318,0.451318044,2.0,2.1,75.5,4.4,South Korea
123,2.0,1.8,78.39,5.2,6.3,37.9,1548.87,33349.22417,5.7,1.9,1.8,500210.0,2.2,46.443959,92.84892145,-0.008048086,1.9,2.8,76.8,2.8,Spain
124,6.2,6.3,60.61,5.4,8.8,86.6,242.08,11417.25228,9.0,7.7,8.3,62710.0,5.1,21.203,338.1119439,1.124060307,8.4,7.4,65.9,6.9,Sri Lanka
125,9.3,9.7,51.49,8.5,9.7,110.6,173.607,4386.360304,10.0,8.9,9.6,2376000.0,8.9,39.578828,22.68897306,2.380439887,9.8,9.0,49.9,9.8,Sudan
126,5.3,5.9,54.2,7.1,5.8,65.9,7.749023291,13877.98601,5.8,6.8,4.6,156000.0,5.6,0.558368,3.579282051,0.928418221,3.0,4.9,70.4,5.0,Suriname
127,9.4,7.1,40.32,9.7,6.8,88.8,10.37360686,7723.64106,3.4,7.2,9.1,17200.0,8.1,1.343098,78.08709302,1.809667249,4.7,6.3,55.0,8.8,Swaziland
128,2.0,1.1,80.51,1.8,1.8,22.1,462.1,46662.05263,1.5,1.5,1.1,407310.0,1.1,9.903122,24.31347622,1.055073996,5.3,2.1,85.6,1.0,Sweden
129,1.5,1.0,87.42,2.3,1.0,21.1,480.81,57430.04919,3.6,2.1,1.8,39516.0,1.0,8.372098,211.866029,1.077221168,2.5,1.1,81.2,1.0,Switzerland
130,7.9,5.9,47.85,7.3,8.4,81.8,24.13104856,2762.585453,7.4,6.2,8.2,138786.0,5.6,8.734951,62.93827187,2.155884123,4.3,6.7,66.8,9.1,Tajikistan
131,8.7,7.2,50.83,6.2,5.7,80.3,139.38,2508.088532,5.2,7.6,5.9,885800.0,8.6,55.572201,62.73673628,3.092454074,6.7,5.5,52.1,5.9,Tanzania
132,6.4,3.8,49.88,3.3,9.4,76.2,1079.99,15683.05097,8.5,4.7,8.0,510890.0,4.4,68.863514,134.7912741,0.299465512,5.9,9.0,69.5,7.5,Thailand
133,9.7,9.5,49.54,7.9,8.3,90.5,2.51788156,1984.660767,6.5,7.6,5.3,14870.0,8.5,1.268671,85.31748487,2.207092325,6.3,7.2,61.5,6.9,Timor-Leste
134,7.8,6.0,41.78,6.4,7.6,83.9,10.51284365,1382.109747,4.6,7.5,6.7,54390.0,8.2,7.606374,139.848759,2.523861304,6.6,6.5,50.2,7.8,Togo
135,4.5,3.1,67.36,4.4,5.6,56.7,41.58323861,30464.75917,4.2,8.1,4.1,5130.0,4.3,1.364962,266.0744639,0.35742449,2.7,6.3,69.1,4.5,Trinidad and Tobago
136,4.2,6.4,62.35,6.7,7.8,74.2,122.608,10752.02434,7.7,6.1,6.5,155360.0,4.4,11.403248,73.39886715,1.142910708,4.7,8.3,68.7,6.5,Tunisia
137,4.9,5.4,52.96,4.6,9.1,80.8,1888.94,23756.53838,10.0,3.9,7.7,769630.0,4.4,79.512426,103.3125346,1.5730117,9.2,8.3,68.5,7.6,Turkey
138,5.4,4.1,66.1,4.9,7.8,74.4,88.60960132,15648.37312,6.6,5.1,8.7,469930.0,5.6,5.662544,12.0497606,1.732524453,3.5,6.3,56.7,9.7,Turkmenistan
139,9.0,8.3,44.28,5.5,8.6,96.0,69.99362951,1687.082736,8.5,7.6,7.8,200520.0,8.3,41.487965,206.9018801,3.290872381,9.3,7.1,52.9,8.6,Uganda
140,4.2,8.6,52.87,6.8,8.0,74.0,327.215,7270.693947,6.7,5.2,6.2,579290.0,3.7,45.004645,77.68931796,-0.33138051,4.6,7.6,72.7,8.2,Ukraine
141,4.0,2.4,58.9,2.4,3.6,43.7,622.297,67133.01484,3.4,2.5,7.8,83600.0,2.2,9.269612,110.8805263,1.251759052,2.2,3.1,66.0,6.7,United Arab Emirates
142,2.4,1.0,79.89,3.6,4.5,33.2,2574.94,39229.86462,6.4,2.1,1.7,241930.0,1.6,65.637239,271.3067375,0.777541827,2.1,2.7,78.3,1.5,United Kingdom
143,3.8,2.7,64.65,3.6,2.7,36.8,69.04173629,20046.92683,2.5,4.4,2.8,175020.0,2.9,3.444006,19.6777854,0.362269175,2.5,3.8,71.0,1.0,Uruguay
144,5.6,4.6,45.88,6.3,8.8,81.5,192.327,6038.865619,7.1,6.0,9.2,425400.0,4.9,31.8482,74.86647861,1.739791235,5.5,7.1,71.2,9.5,Uzbekistan
145,5.6,5.4,63.89,7.3,8.2,82.9,443.8400821,14059.73028,7.2,5.5,8.9,882050.0,7.7,31.568179,35.78955728,1.31705725,4.6,7.3,65.8,8.5,Venezuela
146,9.5,7.2,50.97,7.9,6.2,87.8,60.50817421,3646.962323,5.9,7.9,7.4,743390.0,7.9,16.59139,22.31855419,3.002815515,6.4,4.6,51.1,7.7,Zambia
147,9.1,7.5,43.41,8.6,9.8,101.6,30.35667456,1879.62812,7.3,7.9,8.2,386850.0,8.9,16.150362,41.74838309,2.33606955,8.5,8.1,56.1,9.2,Zimbabwe
