,EPI,country
0,37.5,Afghanistan2016
1,39.53,Albania2016
2,39.7,Algeria2016
3,37.98,Angola2016
4,37.95,Antigua and Barbuda2016
5,37.33,Argentina2016
6,37.29,Armenia2016
7,34.38,Australia2016
8,34.19,Austria2016
9,34.17,Azerbaijan2016
10,74.38,Bahrain2016
11,73.14,Bangladesh2016
12,72.36,Barbados2016
13,69.85,Belarus2016
14,70.01,Belgium2016
15,69.42,Belize2016
16,70.71,Benin2016
17,66.12,Bhutan2016
18,66.58,Bolivia2016
19,65.57,Bosnia and Herzegovina2016
20,70.28,Botswana2016
21,71.94,Brazil2016
22,72.09,Brunei Darussalam2016
23,71.26,Bulgaria2016
24,71.5,Burkina Faso2016
25,71.35,Burundi2016
26,71.46,Cambodia2016
27,71.15,Cameroon2016
28,71.14,Canada2016
29,70.81,Cape Verde2016
30,51.32,Central African Republic2016
31,50.83,Chad2016
32,50.92,Chile2016
33,48.8,China2016
34,49.25,Colombia2016
35,49.06,Comoros2016
36,49.3,Costa Rica2016
37,49.01,Cote d'Ivoire2016
38,48.98,Croatia2016
39,49.08,Cuba2016
40,62.55,Cyprus2016
41,64.75,Czech Republic2016
42,65.81,Denmark2016
43,66.02,Djibouti2016
44,66.33,Dominican Republic2016
45,66.4,Ecuador2016
46,66.44,Egypt2016
47,67.2,El Salvador2016
48,67.04,Equatorial Guinea2016
49,66.4,Eritrea2016
50,79.84,Estonia2016
51,79.8,Ethiopia2016
52,79.94,Fiji2016
53,79.52,Finland2016
54,79.58,France2016
55,79.61,Gabon2016
56,79.49,Georgia2016
57,79.52,Germany2016
58,79.53,Ghana2016
59,79.63,Greece2016
60,81.6,Grenada2016
61,81.24,Guatemala2016
62,81.52,Guinea2016
63,77.93,Guyana2016
64,79.45,Haiti2016
65,77.97,Honduras2016
66,79.17,Hungary2016
67,77.78,Iceland2016
68,78.12,India2016
69,77.29,Indonesia2016
70,87.22,Iran2016
71,87.58,Iraq2016
72,87.71,Ireland2016
73,87.55,Italy2016
74,87.84,Jamaica2016
75,87.7,Japan2016
76,87.57,Jordan2016
77,87.19,Kazakhstan2016
78,87.33,Kenya2016
79,87.22,Kuwait2016
80,86.64,Kyrgyz Republic2016
81,85.68,Laos2016
82,85.46,Latvia2016
83,84.7,Lebanon2016
84,85.7,Lesotho2016
85,84.99,Liberia2016
86,85.09,Libya2016
87,82.53,Lithuania2016
88,82.37,Luxembourg2016
89,82.61,Macedonia2016
90,83.78,Madagascar2016
91,83.68,Malawi2016
92,83.08,Malaysia2016
93,81.83,Maldives2016
94,82.15,Mali2016
95,81.87,Malta2016
96,81.85,Mauritania2016
97,79.9,Mauritius2016
98,79.74,Mexico2016
99,79.57,Moldova2016
100,70.07,Mongolia2016
101,70.86,Montenegro2016
102,69.82,Morocco2016
103,68.52,Mozambique2016
104,68.38,Myanmar2016
105,68.27,Namibia2016
106,69.12,Nepal2016
107,69.11,Netherlands2016
108,69.37,New Zealand2016
109,69.32,Nicaragua2016
110,41.77,Niger2016
111,43.66,Nigeria2016
112,43.79,Norway2016
113,42.03,Oman2016
114,42.26,Pakistan2016
115,42.05,Panama2016
116,42.19,Papua New Guinea2016
117,41.91,Paraguay2016
118,41.99,Peru2016
119,42.11,Philippines2016
120,54.96,Poland2016
121,56.95,Portugal2016
122,56.9,Qatar2016
123,54.48,Romania2016
124,53.91,Russia2016
125,54.05,Rwanda2016
126,53.74,Samoa2016
127,54.08,Sao Tome and Principe2016
128,56.2,Saudi Arabia2016
129,54.94,Senegal2016
130,82.3,Serbia2016
131,81.9,Seychelles2016
132,80.53,Sierra Leone2016
133,79.77,Singapore2016
134,79.68,Slovenia2016
135,80.74,Solomon Islands2016
136,79.55,Somalia2016
137,77.94,South Africa2016
138,78.11,South Korea2016
139,79.2,Spain2016
140,80.15,Sri Lanka2016
141,79.56,Sudan2016
142,78.97,Suriname2016
143,78.5,Swaziland2016
144,78.89,Sweden2016
145,78.64,Switzerland2016
146,78.47,Syria2016
147,78.24,Tajikistan2016
148,78.33,Tanzania2016
149,78.11,Thailand2016
150,73.55,Timor-Leste2016
151,74.67,Togo2016
152,74.16,Trinidad and Tobago2016
153,74.8,Tunisia2016
154,73.92,Turkey2016
155,73.49,Turkmenistan2016
156,73.2,Uganda2016
157,73.44,Ukraine2016
158,73.6,United Arab Emirates2016
159,73.91,United Kingdom2016
160,43.66,Uruguay2016
161,43.83,Uzbekistan2016
162,43.72,Venezuela2016
163,40.7,Yemen2016
164,41.53,Zambia2016
165,41.32,Zimbabwe2016
166,41.26,Afghanistan2015
167,39.79,Albania2015
168,39.39,Algeria2015
169,39.41,Angola2015
170,64.99,Antigua and Barbuda2015
171,64.26,Argentina2015
172,63.98,Armenia2015
173,63.1,Australia2015
174,61.84,Austria2015
175,61.58,Azerbaijan2015
176,63.13,Bahrain2015
177,63.76,Bangladesh2015
178,63.37,Barbados2015
179,63.42,Belarus2015
180,71.09,Belgium2015
181,71.33,Belize2015
182,70.78,Benin2015
183,70.4,Bhutan2015
184,70.72,Bolivia2015
185,70.58,Bosnia and Herzegovina2015
186,70.22,Botswana2015
187,69.32,Brazil2015
188,69.16,Brunei Darussalam2015
189,69.53,Bulgaria2015
190,63.28,Burkina Faso2015
191,61.44,Burundi2015
192,60.82,Cambodia2015
193,59.79,Cameroon2015
194,60.67,Canada2015
195,61.32,Cape Verde2015
196,60.87,Central African Republic2015
197,56.86,Chad2015
198,56.41,Chile2015
199,56.49,China2015
200,70.72,Colombia2015
201,70.84,Comoros2015
202,70.77,Costa Rica2015
203,69.54,Cote d'Ivoire2015
204,69.74,Croatia2015
205,69.67,Cuba2015
206,70.06,Cyprus2015
207,68.97,Czech Republic2015
208,68.58,Denmark2015
209,67.67,Djibouti2015
210,78.9,Dominican Republic2015
211,80.11,Ecuador2015
212,79.87,Egypt2015
213,79.28,El Salvador2015
214,79.29,Equatorial Guinea2015
215,79.05,Eritrea2015
216,79.04,Estonia2015
217,79.56,Ethiopia2015
218,79.63,Fiji2015
219,79.44,Finland2015
220,67.86,France2015
221,63.85,Gabon2015
222,65.53,Georgia2015
223,65.56,Germany2015
224,65.77,Ghana2015
225,65.04,Greece2015
226,65.45,Grenada2015
227,65.38,Guatemala2015
228,65.22,Guinea2015
229,65.43,Guyana2015
230,83.4,Haiti2015
231,82.52,Honduras2015
232,80.77,Hungary2015
233,80.34,Iceland2015
234,80.94,India2015
235,80.62,Indonesia2015
236,79.75,Iran2015
237,72.7,Iraq2015
238,72.99,Ireland2015
239,73.16,Italy2015
240,43.71,Jamaica2015
241,43.76,Japan2015
242,43.71,Jordan2015
243,42.08,Kazakhstan2015
244,42.46,Kenya2015
245,42.38,Kuwait2015
246,42.1,Kyrgyz Republic2015
247,40.73,Laos2015
248,40.45,Latvia2015
249,40.3,Lebanon2015
250,43.37,Lesotho2015
251,42.76,Liberia2015
252,42.37,Libya2015
253,40.7,Lithuania2015
254,41.61,Luxembourg2015
255,41.59,Macedonia2015
256,41.9,Madagascar2015
257,40.49,Malawi2015
258,40.74,Malaysia2015
259,40.69,Maldives2015
260,51.24,Mali2015
261,51.42,Malta2015
262,51.24,Mauritania2015
263,49.59,Mauritius2015
264,50.16,Mexico2015
265,49.65,Moldova2015
266,49.43,Mongolia2015
267,47.69,Montenegro2015
268,47.2,Morocco2015
269,47.03,Mozambique2015
270,57.13,Myanmar2015
271,57.33,Namibia2015
272,57.15,Nepal2015
273,54.49,Netherlands2015
274,54.77,New Zealand2015
275,52.28,Nicaragua2015
276,52.15,Niger2015
277,49.89,Nigeria2015
278,49.64,Norway2015
279,49.42,Oman2015
280,85.06,Pakistan2015
281,85.06,Panama2015
282,84.6,Papua New Guinea2015
283,84.56,Paraguay2015
284,84.61,Peru2015
285,84.34,Philippines2015
286,83.95,Poland2015
287,83.16,Portugal2015
288,82.71,Qatar2015
289,82.57,Romania2015
290,51.98,Russia2015
291,51.75,Rwanda2015
292,51.14,Samoa2015
293,50.65,Sao Tome and Principe2015
294,51.37,Saudi Arabia2015
295,52.17,Senegal2015
296,52.25,Serbia2015
297,51.12,Seychelles2015
298,51.44,Sierra Leone2015
299,51.52,Singapore2015
300,46.46,Slovenia2015
301,46.69,Solomon Islands2015
302,46.54,Somalia2015
303,44.43,South Africa2015
304,44.48,South Korea2015
305,43.84,Spain2015
306,44.06,Sri Lanka2015
307,45.47,Sudan2015
308,45.34,Suriname2015
309,45.22,Swaziland2015
310,37.83,Sweden2015
311,37.86,Switzerland2015
312,37.81,Syria2015
313,35.89,Tajikistan2015
314,36.72,Tanzania2015
315,36.58,Thailand2015
316,36.53,Timor-Leste2015
317,36.04,Togo2015
318,35.89,Trinidad and Tobago2015
319,35.74,Tunisia2015
320,77.67,Turkey2015
321,78.6,Turkmenistan2015
322,78.43,Uganda2015
323,78.33,Ukraine2015
324,79.23,United Arab Emirates2015
325,78.71,United Kingdom2015
326,78.88,Uruguay2015
327,78.01,Uzbekistan2015
328,77.92,Venezuela2015
329,78.26,Yemen2015
330,65.1,Zambia2015
331,66.26,Zimbabwe2015
332,66.17,Afghanistan2014
333,65.21,Albania2014
334,65.44,Algeria2014
335,65.25,Angola2014
336,65.28,Antigua and Barbuda2014
337,64.15,Argentina2014
338,64.2,Armenia2014
339,64.24,Australia2014
340,75.93,Austria2014
341,77.81,Azerbaijan2014
342,77.86,Bahrain2014
343,77.14,Bangladesh2014
344,77.11,Barbados2014
345,76.7,Belarus2014
346,77.29,Belgium2014
347,78.64,Belize2014
348,78.45,Benin2014
349,78.2,Bhutan2014
350,49.2,Bolivia2014
351,48.73,Bosnia and Herzegovina2014
352,48.77,Botswana2014
353,46.11,Brazil2014
354,46.44,Brunei Darussalam2014
355,46.46,Bulgaria2014
356,46.8,Burkina Faso2014
357,46.04,Burundi2014
358,46.05,Cambodia2014
359,40.42,Cameroon2014
360,80.03,Canada2014
361,80.98,Cape Verde2014
362,81.07,Central African Republic2014
363,80.4,Chad2014
364,80.85,Chile2014
365,80.81,China2014
366,80.92,Colombia2014
367,76.39,Comoros2014
368,76.55,Costa Rica2014
369,76.13,Cote d'Ivoire2014
370,59.89,Croatia2014
371,59.89,Cuba2014
372,59.79,Cyprus2014
373,58.37,Czech Republic2014
374,58.46,Denmark2014
375,58.48,Djibouti2014
376,58.43,Dominican Republic2014
377,58.38,Ecuador2014
378,58.53,Egypt2014
379,58.77,El Salvador2014
380,86.98,Equatorial Guinea2014
381,85.21,Eritrea2014
382,82.92,Estonia2014
383,81.72,Ethiopia2014
384,83.31,Fiji2014
385,82.94,Finland2014
386,82.29,France2014
387,80.64,Gabon2014
388,79.96,Georgia2014
389,80.01,Germany2014
390,79.04,Ghana2014
391,78.81,Greece2014
392,78.68,Grenada2014
393,77.55,Guatemala2014
394,78.17,Guinea2014
395,78.01,Guyana2014
396,79.45,Haiti2014
397,78.87,Honduras2014
398,78.83,Hungary2014
399,78.61,Iceland2014
400,80.24,India2014
401,79.57,Indonesia2014
402,79.78,Iran2014
403,79.04,Iraq2014
404,79.65,Ireland2014
405,79.4,Italy2014
406,79.18,Jamaica2014
407,78.01,Japan2014
408,77.59,Jordan2014
409,77.66,Kazakhstan2014
410,84.67,Kenya2014
411,83.78,Kuwait2014
412,83.49,Kyrgyz Republic2014
413,83.8,Laos2014
414,84.37,Latvia2014
415,84.53,Lebanon2014
416,84.38,Lesotho2014
417,82.19,Liberia2014
418,82.24,Libya2014
419,82.11,Lithuania2014
420,89.21,Luxembourg2014
421,88.78,Macedonia2014
422,88.29,Madagascar2014
423,87.57,Malawi2014
424,88.92,Malaysia2014
425,88.99,Maldives2014
426,88.73,Mali2014
427,87.18,Malta2014
428,87.86,Mauritania2014
429,87.98,Mauritius2014
430,45.29,Mexico2014
431,44.27,Moldova2014
432,40.25,Mongolia2014
433,38.85,Montenegro2014
434,39.27,Morocco2014
435,39.07,Mozambique2014
436,39.65,Myanmar2014
437,40.45,Namibia2014
438,40.83,Nepal2014
439,40.82,Netherlands2014
440,75.32,New Zealand2014
441,76.8,Nicaragua2014
442,76.69,Niger2014
443,75.65,Nigeria2014
444,75.79,Norway2014
445,75.69,Oman2014
446,76.07,Pakistan2014
447,76.01,Panama2014
448,76.06,Papua New Guinea2014
449,76.1,Paraguay2014
450,66.58,Peru2014
451,68.23,Philippines2014
452,68.47,Poland2014
453,68.39,Portugal2014
454,68.37,Qatar2014
455,67.92,Romania2014
456,68.0,Russia2014
457,68.08,Rwanda2014
458,67.58,Samoa2014
459,67.7,Sao Tome and Principe2014
460,66.45,Saudi Arabia2014
461,66.04,Senegal2014
462,65.98,Serbia2014
463,65.69,Seychelles2014
464,66.65,Sierra Leone2014
465,66.06,Singapore2014
466,64.93,Slovenia2014
467,64.19,Solomon Islands2014
468,63.8,Somalia2014
469,63.85,South Africa2014
470,68.07,South Korea2014
471,69.39,Spain2014
472,69.71,Sri Lanka2014
473,70.15,Sudan2014
474,69.71,Suriname2014
475,69.13,Swaziland2014
476,68.62,Sweden2014
477,68.51,Switzerland2014
478,67.06,Syria2014
479,66.59,Tajikistan2014
480,69.59,Tanzania2014
481,70.17,Thailand2014
482,70.47,Timor-Leste2014
483,69.38,Togo2014
484,69.34,Trinidad and Tobago2014
485,69.06,Tunisia2014
486,68.95,Turkey2014
487,64.11,Turkmenistan2014
488,64.04,Uganda2014
489,64.31,Ukraine2014
490,36.73,United Arab Emirates2014
491,36.08,United Kingdom2014
492,35.07,Uruguay2014
493,33.26,Uzbekistan2014
494,34.78,Venezuela2014
495,33.62,Yemen2014
496,34.36,Zambia2014
497,34.39,Afghanistan2013
498,34.73,Albania2013
499,35.12,Algeria2013
500,88.59,Angola2013
501,88.24,Antigua and Barbuda2013
502,88.27,Argentina2013
503,87.9,Armenia2013
504,88.16,Australia2013
505,87.85,Austria2013
506,86.72,Azerbaijan2013
507,86.5,Bahrain2013
508,86.6,Bangladesh2013
509,87.09,Barbados2013
510,45.83,Belarus2013
511,45.86,Belgium2013
512,45.71,Belize2013
513,42.08,Benin2013
514,41.81,Bhutan2013
515,41.34,Bolivia2013
516,41.48,Bosnia and Herzegovina2013
517,41.4,Botswana2013
518,41.16,Brazil2013
519,41.18,Brunei Darussalam2013
520,75.29,Bulgaria2013
521,74.85,Burkina Faso2013
522,74.66,Burundi2013
523,73.85,Cambodia2013
524,74.26,Cameroon2013
525,73.52,Canada2013
526,73.66,Cape Verde2013
527,68.56,Central African Republic2013
528,68.97,Chad2013
529,68.79,Chile2013
530,90.68,China2013
531,90.74,Colombia2013
532,90.72,Comoros2013
533,90.59,Costa Rica2013
534,90.73,Cote d'Ivoire2013
535,90.52,Croatia2013
536,90.37,Cuba2013
537,90.47,Cyprus2013
538,90.76,Czech Republic2013
539,90.86,Denmark2013
540,88.2,Djibouti2013
541,87.87,Dominican Republic2013
542,87.65,Ecuador2013
543,86.7,Egypt2013
544,87.0,El Salvador2013
545,86.61,Equatorial Guinea2013
546,86.13,Eritrea2013
547,85.4,Estonia2013
548,85.11,Ethiopia2013
549,85.25,Fiji2013
550,67.37,Finland2013
551,67.57,France2013
552,68.05,Gabon2013
553,66.93,Georgia2013
554,67.0,Germany2013
555,67.09,Ghana2013
556,67.28,Greece2013
557,65.85,Grenada2013
558,65.06,Guatemala2013
559,65.03,Guinea2013
560,64.96,Guyana2013
561,64.05,Haiti2013
562,64.16,Honduras2013
563,61.43,Hungary2013
564,62.27,Iceland2013
565,61.85,India2013
566,62.35,Indonesia2013
567,61.45,Iran2013
568,61.01,Iraq2013
569,60.68,Ireland2013
570,84.26,Italy2013
571,83.67,Jamaica2013
572,84.11,Japan2013
573,83.1,Jordan2013
574,84.7,Kazakhstan2013
575,84.47,Kenya2013
576,84.12,Kuwait2013
577,80.91,Kyrgyz Republic2013
578,81.73,Laos2013
579,81.35,Latvia2013
580,58.89,Lebanon2013
581,58.75,Lesotho2013
582,58.75,Liberia2013
583,56.62,Libya2013
584,56.97,Lithuania2013
585,57.21,Luxembourg2013
586,57.37,Macedonia2013
587,55.05,Madagascar2013
588,54.66,Malawi2013
589,55.17,Malaysia2013
590,85.81,Maldives2013
591,84.81,Mali2013
592,84.55,Malta2013
593,83.34,Mauritania2013
594,83.88,Mauritius2013
595,83.12,Mexico2013
596,82.58,Moldova2013
597,81.52,Mongolia2013
598,81.66,Montenegro2013
599,81.46,Morocco2013
600,63.28,Mozambique2013
601,62.42,Myanmar2013
602,62.46,Namibia2013
603,60.84,Nepal2013
604,60.81,Netherlands2013
605,61.21,New Zealand2013
606,61.6,Nicaragua2013
607,57.46,Niger2013
608,57.9,Nigeria2013
609,57.7,Norway2013
610,69.64,Oman2013
611,69.56,Pakistan2013
612,70.04,Panama2013
613,68.8,Papua New Guinea2013
614,68.87,Paraguay2013
615,68.49,Peru2013
616,68.76,Philippines2013
617,68.03,Poland2013
618,68.36,Portugal2013
619,67.88,Qatar2013
620,55.4,Romania2013
621,55.32,Russia2013
622,55.16,Rwanda2013
623,52.8,Samoa2013
624,52.77,Sao Tome and Principe2013
625,52.54,Saudi Arabia2013
626,52.45,Senegal2013
627,49.34,Serbia2013
628,49.04,Seychelles2013
629,49.12,Sierra Leone2013
630,71.14,Singapore2013
631,70.54,Slovenia2013
632,70.62,Solomon Islands2013
633,70.24,Somalia2013
634,69.77,South Africa2013
635,68.89,South Korea2013
636,69.08,Spain2013
637,69.85,Sri Lanka2013
638,68.33,Sudan2013
639,68.2,Suriname2013
640,43.28,Swaziland2013
641,42.93,Sweden2013
642,43.39,Switzerland2013
643,41.08,Syria2013
644,41.26,Tajikistan2013
645,40.98,Tanzania2013
646,41.12,Thailand2013
647,40.53,Timor-Leste2013
648,40.38,Togo2013
649,40.16,Trinidad and Tobago2013
650,69.64,Tunisia2013
651,69.76,Turkey2013
652,69.53,Turkmenistan2013
653,68.05,Uganda2013
654,68.23,Ukraine2013
655,67.9,United Arab Emirates2013
656,68.46,United Kingdom2013
657,68.68,Uruguay2013
658,68.43,Uzbekistan2013
659,67.2,Venezuela2013
660,84.6,Yemen2013
661,82.33,Zambia2013
662,82.12,Zimbabwe2013
663,80.52,Afghanistan2012
664,81.55,Albania2012
665,81.07,Algeria2012
666,80.86,Angola2012
667,79.64,Antigua and Barbuda2012
668,79.61,Argentina2012
669,79.61,Armenia2012
670,90.51,Australia2012
671,90.48,Austria2012
672,90.32,Azerbaijan2012
673,90.06,Bahrain2012
674,89.57,Bangladesh2012
675,90.17,Barbados2012
676,89.93,Belarus2012
677,88.14,Belgium2012
678,89.09,Belize2012
679,89.16,Benin2012
680,53.58,Bhutan2012
681,55.08,Bolivia2012
682,55.0,Bosnia and Herzegovina2012
683,53.74,Botswana2012
684,53.98,Brazil2012
685,53.75,Brunei Darussalam2012
686,53.84,Bulgaria2012
687,53.91,Burkina Faso2012
688,53.9,Burundi2012
689,53.86,Cambodia2012
690,65.85,Cameroon2012
691,65.9,Canada2012
692,65.61,Cape Verde2012
693,64.45,Central African Republic2012
694,64.42,Chad2012
695,63.9,Chile2012
696,63.86,China2012
697,62.79,Colombia2012
698,62.37,Comoros2012
699,62.58,Costa Rica2012
700,66.32,Cote d'Ivoire2012
701,64.84,Croatia2012
702,64.82,Cuba2012
703,63.85,Cyprus2012
704,64.22,Czech Republic2012
705,63.9,Denmark2012
706,64.04,Djibouti2012
707,64.0,Dominican Republic2012
708,64.72,Ecuador2012
709,64.67,Egypt2012
710,63.97,El Salvador2012
711,62.26,Equatorial Guinea2012
712,61.54,Eritrea2012
713,60.26,Estonia2012
714,60.7,Ethiopia2012
715,60.56,Fiji2012
716,62.07,Finland2012
717,63.02,France2012
718,61.67,Gabon2012
719,62.97,Georgia2012
720,86.6,Germany2012
721,87.51,Ghana2012
722,87.9,Greece2012
723,87.83,Grenada2012
724,87.89,Guatemala2012
725,87.85,Guinea2012
726,87.88,Guyana2012
727,87.69,Haiti2012
728,87.26,Honduras2012
729,86.85,Hungary2012
730,84.48,Iceland2012
731,83.48,India2012
732,84.63,Indonesia2012
733,83.46,Iran2012
734,83.99,Iraq2012
735,83.62,Ireland2012
736,83.38,Italy2012
737,82.03,Jamaica2012
738,81.87,Japan2012
739,81.76,Jordan2012
740,77.02,Kazakhstan2012
741,77.11,Kenya2012
742,77.09,Kuwait2012
743,77.01,Kyrgyz Republic2012
744,76.88,Laos2012
745,76.18,Latvia2012
746,76.46,Lebanon2012
747,76.3,Lesotho2012
748,76.21,Liberia2012
749,76.16,Libya2012
750,80.59,Lithuania2012
751,81.24,Luxembourg2012
752,81.4,Macedonia2012
753,80.6,Madagascar2012
754,80.68,Malawi2012
755,79.55,Malaysia2012
756,79.61,Maldives2012
757,80.17,Mali2012
758,80.17,Malta2012
759,80.43,Mauritania2012
760,72.24,Mauritius2012
761,70.7,Mexico2012
762,70.25,Moldova2012
763,69.57,Mongolia2012
764,69.34,Montenegro2012
765,69.39,Morocco2012
766,69.79,Mozambique2012
767,69.54,Myanmar2012
768,69.34,Namibia2012
769,70.18,Nepal2012
770,73.29,Netherlands2012
771,72.84,New Zealand2012
772,72.94,Nicaragua2012
773,71.69,Niger2012
774,72.17,Nigeria2012
775,71.96,Norway2012
776,71.77,Oman2012
777,71.52,Pakistan2012
778,71.38,Panama2012
779,71.36,Papua New Guinea2012
780,62.49,Paraguay2012
781,62.55,Peru2012
782,62.28,Philippines2012
783,60.64,Poland2012
784,60.72,Portugal2012
785,60.45,Qatar2012
786,60.22,Romania2012
787,59.47,Russia2012
788,59.64,Rwanda2012
789,59.43,Samoa2012
790,64.41,Sao Tome and Principe2012
791,62.95,Saudi Arabia2012
792,63.02,Senegal2012
793,62.85,Serbia2012
794,58.14,Seychelles2012
795,56.04,Sierra Leone2012
796,55.86,Singapore2012
797,57.16,Slovenia2012
798,57.23,Solomon Islands2012
799,58.39,Somalia2012
800,73.13,South Africa2012
801,73.19,South Korea2012
802,72.88,Spain2012
803,72.24,Sri Lanka2012
804,72.41,Sudan2012
805,72.0,Suriname2012
806,72.13,Swaziland2012
807,71.46,Sweden2012
808,71.35,Switzerland2012
809,70.96,Syria2012
810,50.29,Tajikistan2012
811,50.04,Tanzania2012
812,49.71,Thailand2012
813,48.35,Timor-Leste2012
814,48.48,Togo2012
815,48.24,Trinidad and Tobago2012
816,49.26,Tunisia2012
817,47.55,Turkey2012
818,47.48,Turkmenistan2012
819,47.09,Uganda2012
820,85.71,Ukraine2012
821,85.93,United Arab Emirates2012
822,86.03,United Kingdom2012
823,85.1,Uruguay2012
824,85.39,Uzbekistan2012
825,84.74,Venezuela2012
826,84.27,Yemen2012
827,82.98,Zambia2012
828,83.26,Zimbabwe2012
829,83.81,Afghanistan2011
830,69.14,Albania2011
831,66.46,Algeria2011
832,66.49,Angola2011
833,67.78,Antigua and Barbuda2011
834,68.59,Argentina2011
835,67.49,Armenia2011
836,67.16,Australia2011
837,65.76,Austria2011
838,65.37,Azerbaijan2011
839,65.44,Bahrain2011
840,47.17,Bangladesh2011
841,46.52,Barbados2011
842,45.38,Belarus2011
843,43.23,Belgium2011
844,43.65,Belize2011
845,44.3,Benin2011
846,45.1,Bhutan2011
847,43.54,Bolivia2011
848,43.46,Bosnia and Herzegovina2011
849,42.95,Botswana2011
850,43.42,Brazil2011
851,43.06,Brunei Darussalam2011
852,43.58,Bulgaria2011
853,42.0,Burkina Faso2011
854,42.13,Burundi2011
855,41.96,Cambodia2011
856,41.77,Cameroon2011
857,41.03,Canada2011
858,41.21,Cape Verde2011
859,41.04,Central African Republic2011
860,63.29,Chad2011
861,62.8,Chile2011
862,62.69,China2011
863,61.35,Colombia2011
864,61.75,Comoros2011
865,61.65,Costa Rica2011
866,61.9,Cote d'Ivoire2011
867,61.94,Croatia2011
868,61.7,Cuba2011
869,61.47,Cyprus2011
870,85.49,Czech Republic2011
871,84.82,Denmark2011
872,84.3,Djibouti2011
873,82.9,Dominican Republic2011
874,83.06,Ecuador2011
875,83.27,Egypt2011
876,82.7,El Salvador2011
877,81.2,Equatorial Guinea2011
878,80.7,Eritrea2011
879,81.44,Estonia2011
880,86.58,Ethiopia2011
881,86.31,Fiji2011
882,86.34,Finland2011
883,86.12,France2011
884,87.9,Gabon2011
885,86.28,Georgia2011
886,86.24,Germany2011
887,84.63,Ghana2011
888,85.9,Greece2011
889,86.18,Grenada2011
890,78.02,Guatemala2011
891,75.52,Guinea2011
892,74.71,Guyana2011
893,73.52,Haiti2011
894,76.03,Honduras2011
895,74.35,Hungary2011
896,73.89,Iceland2011
897,72.85,India2011
898,73.11,Indonesia2011
899,72.91,Iran2011
900,37.1,Iraq2011
901,36.56,Ireland2011
902,36.58,Italy2011
903,35.13,Jamaica2011
904,34.85,Japan2011
905,34.5,Jordan2011
906,34.52,Kazakhstan2011
907,34.36,Kenya2011
908,34.65,Kuwait2011
909,34.61,Kyrgyz Republic2011
910,49.69,Laos2011
911,49.32,Latvia2011
912,49.35,Lebanon2011
913,45.98,Lesotho2011
914,45.7,Liberia2011
915,45.31,Libya2011
916,45.27,Lithuania2011
917,42.74,Luxembourg2011
918,43.1,Macedonia2011
919,43.07,Madagascar2011
920,74.23,Malawi2011
921,76.19,Malaysia2011
922,76.59,Maldives2011
923,77.48,Mali2011
924,78.12,Malta2011
925,78.03,Mauritania2011
926,78.1,Mauritius2011
927,77.33,Mexico2011
928,76.66,Moldova2011
929,77.21,Mongolia2011
930,57.1,Montenegro2011
931,56.65,Morocco2011
932,56.91,Mozambique2011
933,57.08,Myanmar2011
934,56.57,Namibia2011
935,56.49,Nepal2011
936,55.86,Netherlands2011
937,55.21,New Zealand2011
938,55.19,Nicaragua2011
939,54.19,Niger2011
940,41.48,Nigeria2011
941,41.4,Norway2011
942,41.26,Oman2011
943,38.92,Pakistan2011
944,38.94,Panama2011
945,38.35,Papua New Guinea2011
946,38.83,Paraguay2011
947,38.63,Peru2011
948,38.35,Philippines2011
949,38.32,Poland2011
950,88.48,Portugal2011
951,89.91,Qatar2011
952,89.76,Romania2011
953,87.52,Russia2011
954,87.21,Rwanda2011
955,86.02,Samoa2011
956,86.25,Sao Tome and Principe2011
957,86.83,Saudi Arabia2011
958,86.65,Senegal2011
959,86.51,Serbia2011
960,46.31,Seychelles2011
961,45.9,Sierra Leone2011
962,45.96,Singapore2011
963,43.74,Slovenia2011
964,43.95,Solomon Islands2011
965,43.36,Somalia2011
966,43.62,South Africa2011
967,43.5,South Korea2011
968,43.51,Spain2011
969,43.58,Sri Lanka2011
970,70.85,Sudan2011
971,72.17,Suriname2011
972,71.23,Swaziland2011
973,71.17,Sweden2011
974,71.71,Switzerland2011
975,72.12,Syria2011
976,72.68,Tajikistan2011
977,73.92,Tanzania2011
978,74.32,Thailand2011
979,73.85,Timor-Leste2011
980,73.59,Togo2011
981,73.56,Trinidad and Tobago2011
982,73.8,Tunisia2011
983,73.28,Turkey2011
984,73.09,Turkmenistan2011
985,72.94,Uganda2011
986,72.9,Ukraine2011
987,71.85,United Arab Emirates2011
988,71.52,United Kingdom2011
989,70.5,Uzbekistan2011
990,76.69,Venezuela2011
991,75.81,Yemen2011
992,75.05,Zambia2011
993,74.22,Zimbabwe2011
994,75.16,Afghanistan2010
995,75.32,Albania2010
996,74.81,Algeria2010
997,73.28,Angola2010
998,72.93,Antigua and Barbuda2010
999,73.63,Argentina2010
1000,64.39,Armenia2010
1001,66.84,Australia2010
1002,67.37,Austria2010
1003,65.36,Azerbaijan2010
1004,63.87,Bahrain2010
1005,62.87,Bangladesh2010
1006,62.4,Barbados2010
1007,61.08,Belarus2010
1008,61.1,Belgium2010
1009,62.48,Belize2010
1010,78.89,Benin2010
1011,77.47,Bhutan2010
1012,75.94,Bolivia2010
1013,75.57,Bosnia and Herzegovina2010
1014,76.72,Botswana2010
1015,76.5,Brazil2010
1016,75.6,Brunei Darussalam2010
1017,74.73,Bulgaria2010
1018,74.74,Burkina Faso2010
1019,75.16,Burundi2010
1020,74.18,Cambodia2010
1021,74.33,Cameroon2010
1022,73.59,Canada2010
1023,71.01,Cape Verde2010
1024,70.97,Central African Republic2010
1025,71.66,Chad2010
1026,71.92,Chile2010
1027,71.47,China2010
1028,71.47,Colombia2010
1029,70.34,Comoros2010
1030,41.82,Costa Rica2010
1031,41.91,Cote d'Ivoire2010
1032,41.68,Croatia2010
1033,39.03,Cuba2010
1034,39.15,Cyprus2010
1035,39.14,Czech Republic2010
1036,39.26,Denmark2010
1037,39.01,Djibouti2010
1038,38.95,Dominican Republic2010
1039,38.86,Ecuador2010
1040,48.98,Egypt2010
1041,48.68,El Salvador2010
1042,49.01,Equatorial Guinea2010
1043,48.28,Eritrea2010
1044,49.15,Estonia2010
1045,48.41,Ethiopia2010
1046,49.69,Fiji2010
1047,47.97,Finland2010
1048,48.04,France2010
1049,48.35,Gabon2010
1050,70.84,Georgia2010
1051,71.21,Germany2010
1052,71.21,Ghana2010
1053,69.09,Greece2010
1054,69.81,Grenada2010
1055,69.56,Guatemala2010
1056,68.77,Guinea2010
1057,68.03,Guyana2010
1058,68.27,Haiti2010
1059,67.63,Honduras2010
1060,50.21,Hungary2010
1061,50.94,Iceland2010
1062,50.78,India2010
1063,48.97,Indonesia2010
1064,48.95,Iran2010
1065,48.36,Iraq2010
1066,48.48,Ireland2010
1067,48.36,Italy2010
1068,48.14,Jamaica2010
1069,47.79,Japan2010
1070,82.03,Jordan2010
1071,82.84,Kazakhstan2010
1072,80.77,Kenya2010
1073,80.41,Kuwait2010
1074,80.82,Kyrgyz Republic2010
1075,81.29,Laos2010
1076,80.49,Latvia2010
1077,79.47,Lebanon2010
1078,79.86,Lesotho2010
1079,80.02,Liberia2010
1080,88.0,Libya2010
1081,89.73,Lithuania2010
1082,89.87,Luxembourg2010
1083,89.85,Macedonia2010
1084,90.11,Madagascar2010
1085,90.14,Malawi2010
1086,86.1,Malaysia2010
1087,86.21,Maldives2010
1088,85.96,Mali2010
1089,85.76,Malta2010
1090,64.19,Mauritania2010
1091,64.44,Mauritius2010
1092,64.58,Mexico2010
1093,63.33,Moldova2010
1094,63.54,Mongolia2010
1095,63.12,Montenegro2010
1096,63.39,Morocco2010
1097,62.51,Mozambique2010
1098,62.62,Myanmar2010
1099,62.6,Namibia2010
1100,37.48,Nepal2010
1101,37.35,Netherlands2010
1102,37.01,New Zealand2010
1103,35.2,Nicaragua2010
1104,35.05,Niger2010
1105,34.79,Nigeria2010
1106,34.89,Norway2010
1107,34.89,Oman2010
1108,34.91,Pakistan2010
1109,34.91,Panama2010
1110,58.27,Papua New Guinea2010
1111,58.27,Paraguay2010
1112,57.87,Peru2010
1113,55.07,Philippines2010
1114,55.29,Poland2010
1115,54.94,Portugal2010
1116,55.34,Qatar2010
1117,53.23,Romania2010
1118,52.87,Russia2010
1119,53.1,Rwanda2010
1120,86.9,Samoa2010
1121,87.78,Sao Tome and Principe2010
1122,87.69,Saudi Arabia2010
1123,87.46,Senegal2010
1124,87.28,Serbia2010
1125,87.19,Seychelles2010
1126,87.04,Sierra Leone2010
1127,86.94,Singapore2010
1128,86.97,Slovenia2010
1129,86.38,Solomon Islands2010
1130,60.13,Somalia2010
1131,60.02,South Africa2010
1132,60.21,South Korea2010
1133,59.22,Spain2010
1134,58.72,Sri Lanka2010
1135,58.64,Sudan2010
1136,58.94,Suriname2010
1137,58.4,Swaziland2010
1138,58.57,Sweden2010
1139,58.67,Switzerland2010
1140,51.42,Syria2010
1141,52.71,Tajikistan2010
1142,52.75,Tanzania2010
1143,51.02,Thailand2010
1144,51.3,Timor-Leste2010
1145,51.24,Togo2010
1146,51.24,Trinidad and Tobago2010
1147,50.12,Tunisia2010
1148,50.16,Turkey2010
1149,50.21,Turkmenistan2010
1150,78.0,Uganda2010
1151,79.49,Ukraine2010
1152,79.18,United Arab Emirates2010
1153,77.9,United Kingdom2010
1154,77.75,Uruguay2010
1155,77.93,Uzbekistan2010
1156,78.1,Venezuela2010
1157,77.26,Yemen2010
1158,77.55,Zambia2010
1159,77.49,Zimbabwe2010
1160,48.02,Afghanistan2009
1161,47.44,Albania2009
1162,47.65,Algeria2009
1163,45.73,Angola2009
1164,45.64,Antigua and Barbuda2009
1165,45.53,Argentina2009
1166,45.98,Armenia2009
1167,42.41,Australia2009
1168,42.44,Austria2009
1169,42.66,Azerbaijan2009
1170,70.36,Bahrain2009
1171,70.13,Bangladesh2009
1172,70.02,Barbados2009
1173,68.92,Belarus2009
1174,69.1,Belgium2009
1175,68.79,Belize2009
1176,68.45,Benin2009
1177,67.6,Bhutan2009
1178,67.33,Bolivia2009
1179,67.58,Bosnia and Herzegovina2009
1180,72.95,Botswana2009
1181,72.94,Brazil2009
1182,72.67,Brunei Darussalam2009
1183,71.81,Bulgaria2009
1184,71.9,Burkina Faso2009
1185,71.42,Burundi2009
1186,71.4,Cambodia2009
1187,71.37,Cameroon2009
1188,71.35,Canada2009
1189,71.23,Cape Verde2009
1190,73.7,Central African Republic2009
1191,74.04,Chad2009
1192,73.69,Chile2009
1193,72.16,China2009
1194,72.34,Colombia2009
1195,71.77,Comoros2009
1196,71.62,Costa Rica2009
1197,71.82,Cote d'Ivoire2009
1198,71.74,Croatia2009
1199,71.86,Cuba2009
1200,81.26,Cyprus2009
1201,80.09,Czech Republic2009
1202,78.92,Denmark2009
1203,77.96,Djibouti2009
1204,79.14,Dominican Republic2009
1205,78.66,Ecuador2009
1206,78.54,Egypt2009
1207,78.38,El Salvador2009
1208,78.51,Equatorial Guinea2009
1209,78.58,Eritrea2009
1210,88.63,Estonia2009
1211,88.71,Ethiopia2009
1212,88.86,Fiji2009
1213,88.46,Finland2009
1214,88.03,France2009
1215,87.68,Gabon2009
1216,87.42,Georgia2009
1217,86.0,Germany2009
1218,85.99,Ghana2009
1219,84.8,Greece2009
1220,69.94,Grenada2009
1221,69.06,Guatemala2009
1222,68.97,Guinea2009
1223,69.02,Guyana2009
1224,69.0,Haiti2009
1225,68.88,Honduras2009
1226,68.9,Hungary2009
1227,70.28,Iceland2009
1228,69.11,India2009
1229,70.67,Indonesia2009
1230,83.24,Iran2009
1231,82.12,Iraq2009
1232,80.61,Ireland2009
1233,79.24,Italy2009
1234,79.31,Jamaica2009
1235,79.54,Japan2009
1236,79.09,Jordan2009
1237,76.87,Kazakhstan2009
1238,75.85,Kenya2009
1239,74.5,Kuwait2009
1240,83.52,Kyrgyz Republic2009
1241,83.06,Laos2009
1242,82.57,Latvia2009
1243,81.73,Lebanon2009
1244,82.15,Lesotho2009
1245,81.94,Liberia2009
1246,81.86,Libya2009
1247,80.27,Lithuania2009
1248,80.44,Luxembourg2009
1249,81.57,Macedonia2009
1250,50.34,Madagascar2009
1251,50.97,Malawi2009
1252,50.88,Malaysia2009
1253,49.71,Maldives2009
1254,50.16,Mali2009
1255,50.04,Malta2009
1256,50.23,Mauritania2009
1257,49.72,Mauritius2009
1258,49.2,Mexico2009
1259,49.19,Moldova2009
1260,70.2,Mongolia2009
1261,69.6,Montenegro2009
1262,69.63,Morocco2009
1263,68.18,Mozambique2009
1264,68.33,Myanmar2009
1265,67.38,Namibia2009
1266,67.11,Nepal2009
1267,67.42,Netherlands2009
1268,67.93,New Zealand2009
1269,67.99,Nicaragua2009
1270,48.28,Niger2009
1271,48.77,Nigeria2009
1272,48.32,Norway2009
1273,45.63,Oman2009
1274,45.51,Pakistan2009
1275,45.5,Panama2009
1276,44.79,Papua New Guinea2009
1277,39.6,Paraguay2009
1278,41.32,Peru2009
1279,39.84,Philippines2009
1280,68.63,Poland2009
1281,70.13,Portugal2009
1282,70.12,Qatar2009
1283,69.25,Romania2009
1284,69.45,Russia2009
1285,69.6,Rwanda2009
1286,69.58,Samoa2009
1287,70.65,Sao Tome and Principe2009
1288,70.83,Saudi Arabia2009
1289,70.66,Senegal2009
1290,63.73,Seychelles2009
1291,64.58,Sierra Leone2009
1292,64.41,Singapore2009
1293,63.72,Slovenia2009
1294,64.32,Solomon Islands2009
1295,64.08,Somalia2009
1296,64.08,South Africa2009
1297,63.11,South Korea2009
1298,63.28,Spain2009
1299,62.89,Sri Lanka2009
1300,78.67,Sudan2009
1301,76.81,Suriname2009
1302,75.63,Swaziland2009
1303,73.38,Sweden2009
1304,75.06,Switzerland2009
1305,75.38,Syria2009
1306,75.07,Tajikistan2009
1307,64.92,Tanzania2009
1308,64.34,Thailand2009
1309,66.78,Timor-Leste2009
1310,67.22,Togo2009
1311,67.57,Trinidad and Tobago2009
1312,67.44,Tunisia2009
1313,67.59,Turkey2009
1314,67.59,Turkmenistan2009
1315,67.72,Uganda2009
1316,67.3,Ukraine2009
1317,45.98,United Arab Emirates2009
1318,45.37,United Kingdom2009
1319,45.2,Uruguay2009
1320,42.92,Uzbekistan2009
1321,42.6,Venezuela2009
1322,41.88,Yemen2009
1323,41.88,Zambia2009
1324,40.48,Zimbabwe2009
1325,40.38,Afghanistan2008
1326,40.23,Albania2008
1327,87.04,Algeria2008
1328,87.64,Angola2008
1329,87.67,Antigua and Barbuda2008
1330,89.69,Argentina2008
1331,90.0,Armenia2008
1332,89.8,Australia2008
1333,89.88,Austria2008
1334,90.78,Azerbaijan2008
1335,91.05,Bahrain2008
1336,90.94,Bangladesh2008
1337,88.98,Barbados2008
1338,86.76,Belarus2008
1339,86.53,Belgium2008
1340,84.59,Belize2008
1341,86.16,Benin2008
1342,86.31,Bhutan2008
1343,86.34,Bolivia2008
1344,83.0,Bosnia and Herzegovina2008
1345,83.26,Botswana2008
1346,83.26,Brazil2008
1347,46.92,Brunei Darussalam2008
1348,46.64,Bulgaria2008
1349,46.53,Burkina Faso2008
1350,44.12,Burundi2008
1351,44.24,Cambodia2008
1352,44.26,Cameroon2008
1353,44.33,Canada2008
1354,43.18,Cape Verde2008
1355,41.86,Central African Republic2008
1356,42.03,Chad2008
1357,27.66,Chile2008
1358,27.48,China2008
1359,27.54,Colombia2008
1360,25.65,Comoros2008
1361,26.05,Costa Rica2008
1362,26.16,Cote d'Ivoire2008
1363,26.47,Croatia2008
1364,27.09,Cuba2008
1365,27.0,Cyprus2008
1366,27.42,Czech Republic2008
1367,70.52,Denmark2008
1368,70.75,Djibouti2008
1369,69.54,Dominican Republic2008
1370,67.82,Ecuador2008
1371,68.03,Egypt2008
1372,67.96,El Salvador2008
1373,68.31,Equatorial Guinea2008
1374,68.52,Eritrea2008
1375,68.44,Estonia2008
1376,68.29,Ethiopia2008
1377,70.61,Fiji2008
1378,71.31,Finland2008
1379,71.25,France2008
1380,70.71,Gabon2008
1381,70.9,Georgia2008
1382,70.79,Germany2008
1383,70.73,Ghana2008
1384,70.83,Greece2008
1385,70.98,Grenada2008
1386,70.7,Guatemala2008
1387,88.91,Guinea2008
1388,88.73,Guyana2008
1389,88.63,Haiti2008
1390,87.4,Honduras2008
1391,87.81,Hungary2008
1392,87.6,Iceland2008
1393,87.44,India2008
1394,86.15,Indonesia2008
1395,86.03,Iran2008
1396,85.94,Iraq2008
1397,65.55,Ireland2008
1398,66.27,Italy2008
1399,66.09,Jamaica2008
1400,64.8,Japan2008
1401,64.78,Jordan2008
1402,64.18,Kazakhstan2008
1403,64.6,Kenya2008
1404,64.14,Kuwait2008
1405,64.43,Kyrgyz Republic2008
1406,64.78,Laos2008
1407,42.25,Latvia2008
1408,40.44,Lebanon2008
1409,42.03,Lesotho2008
1410,41.1,Liberia2008
1411,41.43,Libya2008
1412,41.35,Lithuania2008
1413,40.89,Luxembourg2008
1414,39.4,Macedonia2008
1415,40.38,Madagascar2008
1416,40.22,Malawi2008
1417,68.58,Malaysia2008
1418,70.07,Maldives2008
1419,70.13,Mali2008
1420,69.84,Malta2008
1421,70.62,Mauritania2008
1422,70.18,Mauritius2008
1423,70.75,Mexico2008
1424,66.91,Moldova2008
1425,67.17,Mongolia2008
1426,67.13,Montenegro2008
1427,60.63,Morocco2008
1428,60.65,Mozambique2008
1429,60.7,Myanmar2008
1430,59.51,Namibia2008
1431,59.72,Nepal2008
1432,59.5,Netherlands2008
1433,59.55,New Zealand2008
1434,59.13,Nicaragua2008
1435,59.03,Niger2008
1436,58.88,Nigeria2008
1437,90.43,Norway2008
1438,89.74,Oman2008
1439,89.46,Pakistan2008
1440,88.86,Panama2008
1441,89.36,Papua New Guinea2008
1442,89.24,Paraguay2008
1443,89.09,Peru2008
1444,88.3,Philippines2008
1445,88.63,Poland2008
1446,88.79,Portugal2008
1447,86.93,Qatar2008
1448,85.68,Romania2008
1449,86.72,Russia2008
1450,87.39,Rwanda2008
1451,87.78,Samoa2008
1452,87.25,Sao Tome and Principe2008
1453,86.96,Saudi Arabia2008
1454,84.45,Senegal2008
1455,83.79,Seychelles2008
1456,84.31,Sierra Leone2008
1457,66.91,Singapore2008
1458,64.29,Slovenia2008
1459,63.32,Solomon Islands2008
1460,62.34,Somalia2008
1461,63.2,South Africa2008
1462,62.89,South Korea2008
1463,63.25,Spain2008
1464,65.96,Sri Lanka2008
1465,66.24,Sudan2008
1466,66.39,Suriname2008
1467,73.05,Swaziland2008
1468,72.39,Sweden2008
1469,72.59,Switzerland2008
1470,71.7,Syria2008
1471,71.85,Tajikistan2008
1472,72.23,Tanzania2008
1473,72.6,Thailand2008
1474,72.92,Timor-Leste2008
1475,73.37,Togo2008
1476,73.26,Trinidad and Tobago2008
1477,58.34,Tunisia2008
1478,57.93,Turkey2008
1479,57.45,Turkmenistan2008
1480,55.33,Uganda2008
1481,55.81,Ukraine2008
1482,56.02,United Arab Emirates2008
1483,56.09,United Kingdom2008
1484,53.56,Uruguay2008
1485,53.61,Uzbekistan2008
1486,53.46,Venezuela2008
1487,69.54,Yemen2008
1488,68.7,Zambia2008
1489,69.41,Zimbabwe2008
1490,69.42,Afghanistan2007
1491,69.79,Albania2007
1492,69.05,Algeria2007
1493,69.47,Angola2007
1494,69.07,Antigua and Barbuda2007
1495,69.07,Argentina2007
1496,69.78,Armenia2007
1497,55.79,Australia2007
1498,55.92,Austria2007
1499,56.02,Azerbaijan2007
1500,53.62,Bahrain2007
1501,53.73,Bangladesh2007
1502,53.65,Barbados2007
1503,53.45,Belarus2007
1504,45.23,Belgium2007
1505,44.7,Belize2007
1506,44.83,Benin2007
1507,46.1,Bhutan2007
1508,45.86,Bolivia2007
1509,45.56,Bosnia and Herzegovina2007
1510,43.26,Botswana2007
1511,43.66,Brazil2007
1512,43.55,Brunei Darussalam2007
1513,43.77,Bulgaria2007
1514,40.64,Burkina Faso2007
1515,40.76,Burundi2007
1516,40.96,Cambodia2007
1517,74.34,Cameroon2007
1518,76.4,Canada2007
1519,76.36,Cape Verde2007
1520,75.84,Central African Republic2007
1521,76.39,Chad2007
1522,76.37,Chile2007
1523,76.47,China2007
1524,76.99,Colombia2007
1525,77.3,Comoros2007
1526,77.25,Costa Rica2007
1527,77.28,Cote d'Ivoire2007
1528,76.83,Croatia2007
1529,77.39,Cuba2007
1530,75.72,Cyprus2007
1531,76.36,Czech Republic2007
1532,76.21,Denmark2007
1533,76.51,Djibouti2007
1534,76.26,Dominican Republic2007
1535,73.81,Ecuador2007
1536,72.86,Egypt2007
1537,67.68,El Salvador2007
1538,66.25,Equatorial Guinea2007
1539,65.71,Eritrea2007
1540,64.49,Estonia2007
1541,65.64,Ethiopia2007
1542,65.29,Fiji2007
1543,65.03,Finland2007
1544,60.08,France2007
1545,59.74,Gabon2007
1546,60.35,Georgia2007
1547,70.24,Germany2007
1548,71.42,Ghana2007
1549,71.35,Greece2007
1550,71.02,Grenada2007
1551,71.16,Guatemala2007
1552,70.91,Guinea2007
1553,71.1,Guyana2007
1554,70.76,Haiti2007
1555,71.15,Honduras2007
1556,70.74,Hungary2007
1557,57.56,Iceland2007
1558,57.36,India2007
1559,57.5,Indonesia2007
1560,55.77,Iran2007
1561,55.88,Iraq2007
1562,55.57,Ireland2007
1563,55.51,Italy2007
1564,55.12,Jamaica2007
1565,55.16,Japan2007
1566,54.66,Jordan2007
1567,79.69,Kazakhstan2007
1568,79.01,Kenya2007
1569,78.46,Kuwait2007
1570,76.74,Kyrgyz Republic2007
1571,77.27,Laos2007
1572,77.2,Latvia2007
1573,77.06,Lebanon2007
1574,75.13,Lesotho2007
1575,75.34,Liberia2007
1576,75.62,Libya2007
1577,69.35,Lithuania2007
1578,70.89,Luxembourg2007
1579,70.67,Macedonia2007
1580,69.75,Madagascar2007
1581,70.52,Malawi2007
1582,70.52,Malaysia2007
1583,70.99,Maldives2007
1584,70.22,Mali2007
1585,70.48,Malta2007
1586,71.48,Mauritania2007
1587,87.38,Mauritius2007
1588,89.33,Mexico2007
1589,88.97,Moldova2007
1590,88.54,Mongolia2007
1591,88.44,Montenegro2007
1592,87.78,Morocco2007
1593,87.79,Mozambique2007
1594,86.31,Myanmar2007
1595,86.71,Namibia2007
1596,85.68,Nepal2007
1597,73.98,Netherlands2007
1598,73.64,New Zealand2007
1599,74.24,Nicaragua2007
1600,74.12,Niger2007
1601,74.33,Nigeria2007
1602,73.49,Norway2007
1603,73.52,Oman2007
1604,73.55,Pakistan2007
1605,73.51,Panama2007
1606,63.67,Papua New Guinea2007
1607,64.88,Paraguay2007
1608,64.77,Peru2007
1609,64.19,Philippines2007
1610,66.0,Poland2007
1611,65.85,Portugal2007
1612,66.2,Qatar2007
1613,65.43,Romania2007
1614,66.74,Russia2007
1615,66.38,Rwanda2007
1616,76.23,Samoa2007
1617,77.64,Sao Tome and Principe2007
1618,77.57,Saudi Arabia2007
1619,77.29,Senegal2007
1620,77.75,Seychelles2007
1621,77.69,Sierra Leone2007
1622,77.63,Singapore2007
1623,73.06,Slovenia2007
1624,72.87,Solomon Islands2007
1625,72.66,Somalia2007
1626,49.79,South Africa2007
1627,48.31,South Korea2007
1628,47.52,Spain2007
1629,47.46,Sri Lanka2007
1630,48.09,Sudan2007
1631,47.87,Suriname2007
1632,47.58,Swaziland2007
1633,46.77,Sweden2007
1634,47.16,Switzerland2007
1635,47.06,Syria2007
1636,66.06,Tajikistan2007
1637,66.05,Tanzania2007
1638,65.41,Thailand2007
1639,63.38,Timor-Leste2007
1640,63.4,Togo2007
1641,62.95,Trinidad and Tobago2007
1642,63.01,Tunisia2007
1643,60.7,Turkey2007
1644,61.45,Turkmenistan2007
1645,62.12,Uganda2007
1646,59.25,Ukraine2007
1647,59.46,United Arab Emirates2007
1648,58.52,United Kingdom2007
1649,58.82,Uruguay2007
1650,59.0,Uzbekistan2007
1651,58.96,Venezuela2007
1652,58.99,Yemen2007
1653,58.53,Zambia2007
1654,58.83,Zimbabwe2007
